{
  "mcpServers": {
    "sequentialthinking": {
      "command": "npx",
      "args": [
        "-y",
        "@modelcontextprotocol/server-sequential-thinking"
      ],
      "disabled": false,
      "autoApprove": [
        "sequentialthinking"
      ]
    },
    "puppeteer": {
      "command": "npx",
      "args": [
        "-y",
        "@modelcontextprotocol/server-puppeteer"
      ],
      "disabled": true,
      "autoApprove": []
    },
    "time": {
      "command": "uvx",
      "args": [
        "mcp-server-time"
      ],
      "disabled": false,
      "autoApprove": [
        "get_current_time"
      ]
    },
    "context7": {
      "command": "npx",
      "args": [
        "-y",
        "@upstash/context7-mcp"
      ],
      "env": {
        "DEFAULT_MINIMUM_TOKENS": ""
      },
      "disabled": false,
      "autoApprove": []
    },
    "filesystem": {
      "command": "npx",
      "args": [
        "-y",
        "@modelcontextprotocol/server-filesystem",
        "C:\\Users\\dbigm\\Desktop\\github\\quickbooks-automation"
      ],
      "disabled": false,
      "autoApprove": []
    },
    "octocode": {
      "command": "npx",
      "args": [
        "-y",
        "@octocode/mcp-server"
      ],
      "disabled": true,
      "autoApprove": []
    },
    "odoo": {
      "command": "uvx",
      "args": [
        "mcp-server-odoo"
      ],
      "env": {
        "ODOO_URL": "http://192.168.1.48",
        "ODOO_API_KEY": "a030505483b09a26cbca516dbac030a1f3983a77",
        "ODOO_DB": "gasco"
      },
      "disabled": false,
      "autoApprove": [
        "search_records",
        "get_record",
        "list_models",
        "create_record",
        "update_record",
        "delete_record"
      ]
    },
    "spec-workflow": {
      "command": "npx",
      "args": [
        "-y",
        "@pimzino/spec-workflow-mcp"
      ],
      "disabled": false,
      "autoApprove": []
    },
    "mermaid": {
      "command": "npx",
      "args": [
        "-y",
        "mcp-mermaid"
      ],
      "disabled": false,
      "autoApprove": []
    }
  }
}